rsid	chromosome	position	allele1	allele2	maf	beta	se	flip	ID	TOTAL_MAF	P	range
rs573225	2	169757541	G	A	0.318906	0.143958	0.0145285	0	2:169757541_G_A	0.306832	3.81722712161508e-23	@@@@@@/users/christian/chr2/Fasting_glucose/range160200990-174713839
rs2971669	7	44231778	C	T	0.21923	0.123118	0.0164364	0	7:44231778_C_T	0.224337	6.85752910845129e-14	@@@@@@/users/christian/chr7/Fasting_glucose/range36649693-49828842
rs6972516	7	15051789	G	T	0.467335	0.0764345	0.0135195	0	7:15051789_G_T	0.475143	1.57077337573235e-08	@@@@@@/users/christian/chr7/Fasting_glucose/range6044515-24388180
