rsid	chromosome	position	allele1	allele2	maf	beta	se	flip	ID	TOTAL_MAF	P	range
rs141493439	10	16930738	G	A	0.0152164	0.193522	0.0189691	0	10:16930738_G_A	0.0103143	1.94310913107826e-24	@@@@@@/users/christian/chr10/Microalbumin_in_urine/range11964013-26875747
rs67339103	10	77893686	G	A	0.217131	0.0295614	0.00556071	0	10:77893686_G_A	0.226978	1.06003428406292e-07	@@@@@@/users/christian/chr10/Microalbumin_in_urine/range71279584-86078742
rs72771398	10	16945037	T	C	0.0176833	0.106462	0.0175709	0	10:16945037_T_C	0.0162816	1.36974419874505e-09	@@@@@@/users/christian/chr10/Microalbumin_in_urine/range9653943-24322863
rs140941609	4	190762223	C	G	0.0367019	0.0996676	0.012805	0	4:190762223_C_G	0.0332759	7.05502721146266e-15	@@@@@@/users/christian/chr4/Microalbumin_in_urine/range185245310-190767200
