rsid	chromosome	position	allele1	allele2	maf	beta	se	flip	ID	TOTAL_MAF	P	range
rs2322501	11	126727683	T	C	0.292931	-0.0165646	0.00294104	0	11:126727683_T_C	0.286726	1.77899030747929e-08	/oak/stanford/groups/mrivas/users/christian/chr11/Potassium_in_urine/range118262706-134697903
rs4488444	16	50914706	A	G	0.24363	0.0162701	0.00297266	0	16:50914706_A_G	0.245272	4.41865591374194e-08	/oak/stanford/groups/mrivas/users/christian/chr16/Potassium_in_urine/range46837567-60538143
rs784257	18	53397199	T	C	0.187248	0.0202478	0.00327528	0	18:53397199_T_C	0.184213	6.32921945086578e-10	/oak/stanford/groups/mrivas/users/christian/chr18/Potassium_in_urine/range43806679-59561454
rs10854166	19	18652844	A	G	0.479907	-0.0128453	0.00257978	0	19:18652844_A_G	0.472306	6.38400398085914e-07	/oak/stanford/groups/mrivas/users/christian/chr19/Potassium_in_urine/range8747766-28569555
3:27369425_TA_T	3	27369425	TA	T	0.482554	0.0149101	0.00255774	0	3:27369425_TA_T	0.477078	5.56256583745244e-09	/oak/stanford/groups/mrivas/users/christian/chr3/Potassium_in_urine/range18033536-37341701
rs13143189	4	3757380	G	A	0.435489	-0.0204924	0.00258438	0	4:3757380_G_A	0.429918	2.203326256082e-15	/oak/stanford/groups/mrivas/users/christian/chr4/Potassium_in_urine/range2183726-12431610
rs55647623	5	567747	T	C	0.222765	-0.0184821	0.00305689	0	5:567747_T_C	0.219357	1.48442994004226e-09	/oak/stanford/groups/mrivas/users/christian/chr5/Potassium_in_urine/range407767-6003006
rs757055291	5	103949430	ACATAT	A	0.437655	0.0120171	0.00256531	0	5:103949430_ACATAT_A	0.438252	2.8069474616539e-06	/oak/stanford/groups/mrivas/users/christian/chr5/Potassium_in_urine/range94273452-112484261
rs5875161	6	28535960	C	CA	0.237203	-0.0223094	0.00315778	0	6:28535960_C_CA	0.235342	1.60731671481705e-12	/oak/stanford/groups/mrivas/users/christian/chr6/Potassium_in_urine/range18930082-35398941
rs10238468	7	70738028	C	T	0.487563	0.0127372	0.00255923	0	7:70738028_C_T	0.497563	6.45887521974676e-07	/oak/stanford/groups/mrivas/users/christian/chr7/Potassium_in_urine/range67195396-75893194
rs10281571	7	17285867	C	G	0.138832	0.0182345	0.00371779	0	7:17285867_C_G	0.141087	9.35887820864133e-07	/oak/stanford/groups/mrivas/users/christian/chr7/Potassium_in_urine/range8005762-27283990
rs1937177	0X	117674859	A	G	0.38082	-0.011673	0.00217199	0	X:117674859_A_G	0.38072	7.68662019772486e-08	/oak/stanford/groups/mrivas/users/christian/chrX/Potassium_in_urine/range113410620-124345141
